nombre_entidad,nit_entidad,cod_munp_entidad
E.S.E. HOSPITAL FRANCISCO DE PAULA SANTANDER,891500084,19698
E.S.E. CENTRO DE SALUD SAN RAFAEL,820003782,15842
E.S.E. HOSPITAL SAN ANTONIO,890984696,5790
HOSPITAL SAN VICENTE DE PAÚL,890700901,73283
E.S.E. CENTRO DE SALUD SAN MIGUEL ARCANGEL,900126676,52001
E.S.E. MUNICIPAL MANUEL CASTRO TOVAR,813005295,41551
E.S.E SUBRED INTEGRADA DE SERVICIOS DE SALUD NORTE UNIDAD DE SERVICIOS DE SALUD  USAQUÉN,900971006,11001
E.S.E. CARMEN EMILIA OSPINA,813005265,41001
HOSPITAL SAN JOSÉ DE SAMANÁ,890802961,17662
E.S.E. HOSPITAL BOSA II NIVEL,800209710,11001
SUBRED INTEGRADA DE SERVICIOS DE SALUD CENTRO ORIENTE E.S.E.,900959051,11001
NA,900958564,11001
EMPRESA SOCIAL DEL ESTADO HOSPITAL SANTANDER HERRERA DE PIVIJAY,819002025,47551
E.S.E. HOSPITAL MUNICIPAL SAN FRANCISCO DE ASÍS,813011502,41244
E.S.E. HOSPITAL CENTRO ORIENTE II NIVEL,830077644,11001
E.S.E. HOSPITAL GERIÁTRICO SAN ISIDRO DE MANIZALES,800139366,17001
E.S.E. HOSPITAL TUNJUELITO II NIVEL,830077617-6,11001
E.S.E. HOSPITAL MATERNO INFANTIL DE SOLEDAD,802013023,8758
E.S.E. METROSALUD,800058016,5001
E.S.E. HOSPITAL DE EL TAMBO,981501104-0,19256
HOSPITAL GENERAL DE MEDELLÍN,890904646,5001
HOSPITAL SAN VICENTE DE PAUL DE FOMEQUE,800174375,25279
E.S.E. HOSPITAL SAN JUAN DE DIOS DE YARUMAL,ND1,5887
E.S.E. HOSPITAL UNIVERSITARIO FERNANDO TROCONIS,891780185,47001
E.S.E. CENTRO DE SALUD CON CAMAS,802006267,8520
E.S.E. HOSPITAL RICAURTE,900121152,52612
HOSPITAL DEPARTAMENTAL SAN VICENTE DE PAÚL,891180026,41298
HOSPITAL SAN JUAN DE DIOS DE RIOSUCIO,890801989,17614
E.S.E. HOSPITAL EDUARDO SANTOS,891200952,52399
E.S.E. HOSPITAL SAN JOSE,813010996,41359
E.S.E. MORENO Y CLAVIJO,900034131,81001
E.S.E. HOSPITAL DEPARTAMENTAL DE NARIÑO,ND2,52001
E.S.E. RED SALUD ARMENIA,801001440-8,63001
E.S.E CAMU DE CANALETE,812001868,23090
E.S.E. ASSBASALUD,800044967,17001
E.S.E. HOSPITAL SAN VICENTE DE PAUL DE LORICA,800204153,23417
E.S.E. HOSPITAL TAMALAMEQUE,892300209,20787
E.S.E. HOSPITAL UNIVERSITARIO DE LA SAMARITANA,899999032,11001
E.S.E. RAFAEL TOVAR POVEDA,900211477,18094
E.S.E. HOSPITAL SAN BERNANDO,890802223,17272
ESE HOSPITAL LOCAL,806007769,13667
E.S.E. HOSPITAL LOCAL SANTA MARÍA,806007257,13468
E.S.E. HOSPITAL DEPARTAMENTAL SAN ANTONIO DE PADUA,891180117,41396
E.S.E. SALUD PEREIRA,816005003,66001
E.S.E. RED DE SERVICIOS DE SALUD DE PRIMER NIVEL,822006051,95001
E.S.E. BELLO SALUD,800174995,5088
HOSPITAL SAN ANTONIO,890701715,73319
E.S.E. IMSALUD,807004352,54001
E.S.E. HOSPITAL SAN MARTÍN,824000442,20032
E.S.E. HOSPITAL LA MERCED,890907241,5101
E.S.E. HOSPITAL DEPARTAMENTAL SAN JOSÉ,810001159,17665
E.S.E. RED SALUD CASANARE,844004197-2,85001
HOSPITAL SAN CRISTOBAL DE CIÉNAGA,ND3,47189
E.S.E. SAN CRISTOBAL,800216538,11001
E.S.E. HOSPITAL REGIONAL SURORIENTAL,807008827,54172
E.S.E. CENTRO DE SALUD CAMILO RUEDA DE VILLANUEVA,804005182,68872
E.S.E. HOSPITAL SAN ANTONIO DE CHÍA,899999156,25175
HOSPITAL DEPARTAMENTAL SAN JUAN DE DIOS,842000004,99001
E.S.E SOLUCIÓN SALUD,822006595,50001
E.S.E. IPS MUNICIPAL DE IPIALES,900190473-9,52356
E.S.E. HOSPITAL KENNEDY DE RIOFRÍO,891900732,76616
E.S.E. SALUD DEL TUNDAMA,826002601,15759
E.S.E. HOSPITAL ISMAEL SILVA,808003500,25743
E.S.E. HOSPITAL COMUNAL LAS MALVINAS,828000386,18001
E.S.E. HOSPITAL INTEGRADO SAN VICENTE DE PAUL,890200965,68502
HOSPITAL SAN VICENTE DE ARAUCA,ND4,81001
HOSPITAL DEPARTAMENTAL SANTA SOFIA DE CALDAS,ND5,17001
E.S.E. SALUD YOPAL,844003225,85001
E.S.E. HOSPITAL ESPECIALIZADO GRANJA INTEGRAL,800116719,73408
E.S.E. HOSPITAL SANTA CLARA III NIVEL,860020188,11001
E.S.E. HOSPITAL LA CANDELARIA,800154347,47245
E.S.E. HOSPITAL LA MARÍA,890905177,5001
E.S.E. HOSPITAL SAN FRANCISCO JAVIER,813002497,41006
E.S.E. HOSPITAL DEPARTAMENTAL SAN ANTONIO DE PITALITO,891180134,41551
HOSPITAL SAN ANTONIO DE SOATÁ,891800611,15753
E.S.E. CENTRO DE SALUD DE TOGUI,820003435,15816
E.S.E. HOSPITAL DEPARTAMENTAL SAN RAFAEL DE FUNDACIÓN,ND6,47001
E.S.E. RED DE SALUD DE LADERA,805027289-9,76001
E.S.E. CENTRO DE SALUD SAN JOSÉ I NIVEL,823001035,70708
E.S.E. HOSPITAL PABLO VI BOSA I NIVEL BOGOTÁ D.C.,800219600,11001
E.S.E. HOSPITAL SAN ANTONIO DE GUATAVITA,860035447,25326
E.S.E. JUAN PABLO II,814006620,52411
E.S.E. HOSPITAL NUESTRA SEÑORA SANTA ANA,891780056-0,47707
E.S.E. HOSPITAL SAN JUAN DE DIOS,890980003,5756
E.S.E. HOSPITAL SAN ROQUE DE EL COPEY,800119945,20238
E.S.E. HOSPITAL SANTA MÓNICA,891411663,66170
HOSPITAL SANATORIO DE CONTRATACIÓN,890205335,68211
E.S.E. HOSPITAL SAN ANDRÉS DE TUMACO,ND7,52835
E.S.E. HOSPITAL HABACUC CALDERON,899999161,25154
E.S.E. CENTRO DE SALUD SAN ANTONIO DE PADUA,820003638,15293
HOSPITAL DEPARTAMENTAL SAN VICENTE DE PAÚL DE ARANZAZU,890802218,17050
E.S.E. HOSPITAL LORENCITA VILLEGAS DE SANTOS,891200622,52678
E.S.E. HOSPITAL REGIONAL NORTE,ND8,54001
E.S.E. HOSPITAL SAN VICENTE,890000400,63470
E.S.E. HOSPITAL DEPARTAMENTAL DE VILLAVICENCIO,892000501,50001
E.S.E. HOSPITAL SAN JERÓNIMO,891079999,23001
E.S.E. HOSPITAL LA BUENA ESPERANZA DE YUMBO,800030924,76892
E.S.E,802009856,8770
HOSPITAL DEPARTAMENTAL UNIVERSITARIO SAN JUAN DE DIOS DEL QUINDÍO,ND9,63001
HOSPITAL SAN JUAN DE DIOS DE GIRÓN,890203242,68307
E.S.E. HOSPITAL DE YOPAL,891850229-5,85001
E.S.E. CENTRO DE SALUD ILES,814006632,52352
E.S.E. CENTRO DE SALUD CARTAGO,900122524,52694
E.S.E. CENTRO HOSPITAL DE LAFLORIDA,900192544,52381
E.S.E. HOSPITAL REGIONAL,890701718,73411
E.S.E. HOSPITAL LOCAL ARJONA,806007923,13052
E.S.E. CENTRO DE SALUD GUACHAVÉS,900129891,52699
E.S.E. HOSPITAL MARCO FELIPE AFANADOR,890680033,25815
E.S.E. INSTITUTO DE SALUD ISABU,800084206,68001
NA,890500810,54001
E.S.E. HOSPITAL CIVIL DE IPIALES,800084362,52356
E.S.E. HOSPITAL NIVEL I PUERTO RICO,900061048,50590
HOSPITAL EL BUEN SAMARITANO,891201410,52378
E.S.E. HOSPITAL MARIO GAITÁN YANGUAS,800006850,25754
HOSPITAL SAN VICENTE DE PAÚL DE CALDAS,890907215,5129
E.S.E. HOSPITAL SAN JOSÉ DE MAICAO,892120115,44430
E.S.E. CENTRO DE SALUD SAN PABLO DE BORBUR,820003422,15104
E.S.E HOSPITAL HÉCTOR ABAD GÓMEZ,800143438,5659
E.S.E. HOSPITAL SAN RAFAEL NIVEL II,892115010,44650
E.S.E. CENTRO DE SALUD DE SAPUYES,900014225,52720
E.S.E. HOSPITAL LOCAL CARTAGENA DE INDIAS,806010305,13001
E.S.E. HOSPITAL VENANCIO DÍAZ DÍAZ DE SABANETA,ND10,5001
HOSPITAL JORGE ISAAC RINCÓN TORRES,824000543,20400
EMPRESA SOCIAL DEL ESTADO HOSPITAL DE LA VEGA,900807482,25402
E.S.E. HOSPITAL LOCAL DE SAN JUAN NEPOMUCENO,806006414,13006
E.S.E. HOSPITAL UNIVERSITARIO DEL VALLE EVARISTO GARCÍA,ND11,76001
NA,830040256,11001
E.S.E. HOSPITAL SAN VICENTE DE PAÚL,ND36,17042
E.S.E. HOSPITAL LA ESTRELLA,800138968,5380
E.S.E. CENTRO DE SALUD FUNES,900128655,52287
E.S.E. HOSPITAL SAN RAFAEL DE ITAGUÍ,890980066,5360
E.S.E. UNIDAD DE SALUD SAN FRANCISCO DE ASIS,823001518,70001
E.S.E. HOSPITAL SAN BERNABÉ,891900650,76113
E.S.E. HOSPITAL SAN RAFAEL,891800231,15001
EMPRESA SOCIAL DEL ESTADO SANTIAGO DE TUNJA,820003850,15001
E.S.E. HOSPITAL SAN ANTONIO,890204360,68615
E.S.E. HOSPITAL SAN DIEGO DE CERETÉ,891080015,23162
E.S.E. HOSPITAL SAN RAFAEL,891409025,66572
E.S.E. CENTRO DE SALUD DE BELÉN,814001677,52083
E.S.E. CENTRAL DE URGENCIAS LOUIS PASTEUR,890702369,73449
E.S.E. SAN ISIDRO,800400695-8,68820
E.S.E. HOSPITAL MARCO FIDEL SUAREZ,890985703,5088
E.S.E. RED DE SALUD DEL SUR ORIENTE,805027338-1,76001
E.S.E. CENTRO DE SALUD PAZ DEL RÍO,819002551,47288
E.S.E. HOSPITAL LOCAL DEL MUNICIPIO DE YOTOCO,890309115,76890
E.S.E. CENTRO DE REHABILITACIÓN CARDIONEUROMUSCULAR,807002015,54001
E.S.E. HOSPITAL DE AGUAZUL JUAN HERNANDO URREGO,844001355,85010
E.S.E. HOSPITAL NUESTRA SEÑORA DEL CARMEN DE EL COLEGIO,860020094,25245
HOSPITAL LOCAL DE CURUMANÍ CRISTIAN MORENO PALLARES,824000426,20228
E.S.E. HOSPITAL SAN JOSÉ,892300343,20383
E.S.E. HOSPITAL SANTA TERESITA PÁCORA,890801517,17513
HOSPITAL SAN RAFAEL DE EL ESPINAL,890701033,73268
E.S.E. CAMU SAN RAFAEL,812001579,23660
E.S.E. NUESTRA SEÑORA DEL CARMEN,813010024,41676
E.S.E. HOSPITAL EMIRO QUINTERO CAÑIZARES DE OCAÑA,890501438,54498
E.S.E. HOSPITAL LA INMACULADA DE GUATAPÉ,890981817,5321
E.S.E. HOSPITAL LOCAL JOSÉ RUFINO VIVAS,890305496,76233
E.S.E. HOSPITAL SAN RAFAEL DE CÁQUEZA,832001411,25151
E.S.E. MARÍA AUXILIADORA,813002940,41298
E.S.E. HOSPITAL UNIVERSITARIO DE SANTANDER,900006037,68001
E.S.E. PRESTADORA DE SERVICIOS DE SALUD GUSTAVO ROMERO HERNANDEZ,820002657,15804
E.S.E. HOSPITAL JUAN LUIS LONDOÑO,807004665,54261
E.S.E. HOSPITAL DEPARTAMENTAL DE GRANADA,800037021,50313
EMPRESA SOCIAL DEL ESTADO NORTE 3,900146438,19573
E.S.E. HOSPITAL SALAZAR,860015929,25875
E.S.E. HOSPITAL SANTA CRUZ,800213942,44855
E.S.E. HOSPITAL SAN RAFAEL,890981536,5890
E.S.E. HOSPITAL LOCAL DE LOS PATIOS,807004393,54405
E.S.E. HOSPITAL MENTAL UNIVERSITARIO DE RISARALDA,891412134,66001
E.S.E. SOR TERESA ADELE,900211460,18247
E.S.E. CENTRO DE SALUD SAN JUAN BAUTISTA,814006654,52585
HOSPITAL SAN VICENTE DE PAUL SALENTO,800134339,63690
E.S.E. HOSPITAL ÓSCAR EMIRO VERGARA CRUZ,890985660,5665
E.S.E. HOSPITAL FRANCINETH SANCHEZ HURTADO,890307040,76869
E.S.E. HOSPITAL JOSÉ CAYETANO VÁSQUEZ,891800570,15572
E.S.E CENTRO DE SALUD SAN JOSE DE TOLUVIEJO,823000696,70823
E.S.E. HOSPITAL GONZALO CONTRERAS,891900367,76400
E.S.E. HOSPITAL SANTA LUCÍA,890701078,73124
NUEVO HOSPITAL LA CANDELARIA,890701353-2,73585
E.S.E. HOSPITAL LOCAL PUERTO LÓPEZ,800037979,50573
E.S.E. PUESTO DE SALUD DE CORRALES,826002693-1,15215
E.S.E. HOSPITAL SAN RAFAEL DE CHINÚ,800193912,23182
E.S.E. HOSPITAL LOCAL DE PIEDECUESTA,900066345,68547
E.S.E. CENTRO DE SALUD INMACULADA CONCEPCION,823001901,70235
E.S.E. HOSPITAL SAN RAFAEL DE VENECIA,890980367,5861
E.S.E. HOSPITAL EL SALVADOR DE UBATÉ,899999147,25843
HOSPITAL OLAYA HERRERA DE GAMARRA,892300387,20295
E.S.E. HOSPITAL SAN ANTONIO DE SESQUILÉ,899999158,25736
E.S.E. HOSPITAL SANTA ANA,800193490,73270
E.S.E. CENTRO DE SALUD SAGRADO CORAZON DE JESÚS,900126794,52210
SUBRED INTEGRADA DE SERVICIOS DE SALUD SUR OCCIDENTE ESE,900959048,11001
E.S.E. HOSPITAL LOCAL DE CANDELARIA,891380184,76130
E.S.E. HOSPITAL NUESTRA SEÑORA DEL CARMEN,819002534,47318
E.S.E. HOSPITAL PEDRO LEÓN ÁLVAREZ DÍAZ,890680027,25386
E.S.E. CENTRO DE SALUD CONSACÁ,814006732,52207
ESE HOSPITAL SAN JOSE DE AGUADAS,890801035,17013
E.S.E. HOSPITAL DEPARTAMENTAL FELIPE SUAREZ,890801026,17653
E.S.E. CENTRO DE SALUD SAN JOSÉ DE NIMAIMA,832009187,25489
E.S.E. HOSPITAL SAGRADO CORAZÓN DE JESÚS,890001006,63594
E.S.E. HOSPITAL UNIVERSITARIO HERNANDO MONCALEANO PERDOMO,891180268,41001
E.S.E. HOSPITAL SANTAMARIA,890905198,5679
E.S.E. HOSPITAL RICARDO ACOSTA,809004280,73520
E.S.E. CENTRO DE SALUD SAN VICENTE FERRER,ND12,15632
E.S.E. HOSPITAL SUMAPAZ,890702190,73352
E.S.E. HOSPITAL SAN FRANCISCO,860060016,15667
E.S.E. HOSPITAL RAFAEL PABA MANJARREZ,819000736,47692
EMPRESA SOCIAL DEL ESTADO CENTRO DE SALUD CUCUNUBÁ,832010240,25224
E.S.E. HOSPITAL SAN ROQUE,890980866,5400
E.S.E. HOSPITAL LOCAL DE MONTELIBANO,812000344,23466
ESE HOSPITAL MARIA AUXILIADORA DE IQUIRA,891103968,41357
E.S.E. CAMU PUEBLO NUEVO,812001520,23570
E.S.E. HOSPITAL MARIA INMACULADA,891180098,18001
E.S.E. MARÍA AUXILIADORA,832010436,25473
E.S.E. HOSPITAL SANTA CATALINA DE SENA,823000281,70771
E.S.E. CENTRO DE SALUD POLICARPA,900176479,52540
E.S.E. CENTRO DE SALUD SEÑOR DE LOS MILAGROS,814001594,52323
E.S.E. HOSPITAL REGIONAL DE CHIQUINQUIRÁ,820005389,15176
HOSPITAL REGIONAL SAN ANDRÉS,892300175,20178
E.S.E. HOSPITAL DE BARANOA,890103002,8078
E.S.E. CENTRO DE SALUD CARTAGENA DE INDIAS,823000878,70001
HOSPITAL SAN FÉLIX DE LA DORADA,ND13,17380
HOSPITAL SANTA MATILDE DE MADRID,860009555,25430
E.S.E. HOSPITAL SAN JUAN DE DIOS,800080586,5736
E.S.E. HOSPITAL SAN VICENTE FERRER,891900390,76036
E.S.E. HOSPITAL SAN JUAN DE DIOS,890981108,5197
E.S.E. CENTRO DE SALUD SAN JUAN BAUTISTA,900127211,52786
E.S.E. CENTRO DE SALUD TABLON DE GOMEZ,900154361,52258
E.S.E. HOSPITAL SAN ANTONIO,891180065,41306
E.S.E. HOSPITAL GERIÁTRICO Y ANCIANATO SAN MIGUEL,890303448,76001
E.S.E. HOSPITAL SANTA ROSA,860037592,25799
E.S.E. CAMU DE BUENAVISTA,ND14,23079
E.S.E. HOSPITAL SAN JOSÉ ORTEGA TOLIMA,890700967,73504
HOSPITAL LOCAL DE AGUACHICA,824000785,20011
HOSPITAL NUESTRA SEÑORA DE FÁTIMA,809003128,73275
E.S.E. CENTRO DE SALUD LUIS PATIÑO CAMARGO,826002720,15362
E.S.E. HOSPITAL CUMBAL,814001329,52227
E.S.E. HOSPITAL FONTIBON,830077650,11001
E.S.E. HOSPITAL CESAR URIBE PIEDRAHITA,890980757,5154
E.S.E. HOSPITAL REGIONAL DE MIRAFLORES,800152970,15455
E.S.E. HOSPITAL LOCAL SAN BENITO ABAD,823002356,70678
E.S.E. HOSPITAL SAN LUIS,900153346,52260
E.S.E. HOSPITAL SAN RAFAEL DE FACATATIVÁ,899999151,25269
E.S.E. CENTRO 2,900146471,19622
E.S.E. CENTRO DE SALUD SAN BARTOLOMÉ DE CÓRDOBA,814006908,52001
E.S.E. HOSPITAL SAN JUAN DE DIOS,890980840,5361
E.S.E HOSPITAL LOCAL DE CALAMAR,806006537,13140
E.S.E. CENTRO DE SALUD DE TAUSA,832008321,25793
E.S.E. DEL MUNICIPIO DE VILLAVICENCIO,822002459,50001
E.S.E. HOSPITAL SAN FRANCISCO DE ASÍS,800133887,5652
E.S.E. HOSPITAL UNIVERSITARIO ERASMO MEOZ,800014918,54001
E.S.E. HOSPITAL GUILLERMO GAVIRIA CORREA,800037244,5125
E.S.E. CENTRO DE SALUD SAN ISIDRO,900126464,52254
E.S.E. BARRANCABERMEJA,829001846,68081
ESE HOSPITAL SAGRADO CORAZÓN DE JESÚS,846000471,86865
E.S.E. CENTRO HOSPITAL GUAITARILLA,814002021,52320
E.S.E. HOSPITAL OCCIDENTE DE KENNEDY III NIVEL,800196939,11001
E.S.E. HOSPITAL GABRIEL PELÁEZ MONTOYA,890980732,5364
HOSPITAL SAN VICENTE DE PAUL FILANDIA,890001098,63272
E.S.E. CLINICA DE MATERNIDAD RAFAEL CALVO CASTAÑO,806001061,13001
E.S.E. HOSPITAL MUNICIPAL DE ACACIAS,892000264,50006
E.S.E. HOSPITAL SANTA MARGARITA,890980949,5212
E.S.E. HOSPITAL LOCAL DE SITIONUEVO,819001363,47745
E.S.E. HOSPITAL SAN RAFAEL DE PACHO,800099860,25513
E.S.E. HOSPITAL MANUEL ELKIN PATARROYO DE SANTA ROSA DEL SUR,829001256,13688
E.S.E. HOSPITAL SAN JUAN DE DIOS DE EL PEÑOL,ND15,5541
E.S.E. CENTRO DE SALUD SAN LORENZO,900192832,52687
E.S.E. HOSPITAL LOCAL DE ALGARROBONIT,819003618,47030
E.S.E. HOSPITAL PSIQUIATRICO SAN CAMILO,890200500,68001
E.S.E. HOSPITAL DE ROSARIO GINEBRA,891380070,76306
E.S.E. CENTRO DE SALUD DE PUERRES,814003370,52573
E.S.E. HOSPITAL DE CHIBOLO,819001269,47170
E.S.E. HOSPITAL NUESTRA SEÑORA DEL PILAR DE MEDINA,892001990,25438
E.S.E. HOSPITAL CLARITA SANTOS,ND16,52001
E.S.E. HOSPITAL SAN ANTONIO,890983843,5113
E.S.E. ALEJANDRO PROSPERO REVEREND,819004070,47001
E.S.E. HOSPITAL PADRE CLEMENTE GIRALDO,890981182,5313
E.S.E. CENTRO 1,900145581,19548
E.S.E. HOSPITAL NUESTRA SEÑORA DE LOS REMEDIOS DE RIOHACHA,892115009,44001
E.S.E. HOSPITAL NUESTRA SEÑORA DE GUADALUPE,900186802,68320
E.S.E. HOSPITAL REGIONAL DE SOGAMOSO,891855039,15759
HOSPITAL DIVINO SALVADOR DE SOPO,860023878,25758
E.S.E. CENTRO DE SALUD TIMOTEO RIVEROS CUBILLOS DE UNE,ND17,25845
E.S.E. HOSPITAL SAN ANTONIO DE MITÚ,845000038,97001
E.S.E. SALUD SOGAMOSO,826000923-1,15759
E.S.E. SAN JOSÉ DE FLORIÁN,804008698,68271
E.S.E. HOSPITAL MUNICIPAL SAN ANTONIO DE AGRADO,891180147,41013
E.S.E. CENTRO DE SALUD LOS ANDES,900142446,52418
CXAYUCE JXUT EMPRESA SOCIAL DEL ESTADO,900052148,19821
ESE HOSPITAL SANTA TERESA DE TESALIA,891103889,41797
E.S.E. HOSPITAL CENTRO DE PLANADAS,890704555,73555
E.S.E. CENTRO DE SALUD SANTA LUCIA,823002149,70110
E.S.E. HOSPITAL PEDRO NEL CARDONA,890982134,5051
E.S.E. HOSPITAL IVÁN RESTREPO GÓMEZ,890980971,5847
E.S.E. CENTRO DE SALUD NUEVO COLON,820003328,15494
CORPORACIÓN HOSPITAL INFANTIL CONCEJO DE MEDELLÍN,900625317,5001
HOSPITAL INTEGRADO SABANA DE TORRES,800064543,68001
E.S.E. HOSPITAL LOCAL SAN JUAN DE DIOS,890801719,17541
EMPRESA SOCIAL DEL ESTADO CENTRO DE SALUD DE MAJAGUAL,823002044,70429
E.S.E. HOSPITAL MUNICIPAL SAN ANTONIO DE TIMANÁ,891180198,41807
E.S.E. CENTRO DE SALUD SAN PEDRO,804014637,68121
HOSPITAL SAN RAFAEL DE ANDES,ND18,5034
E.S.E. HOSPITAL LAURA PERDOMO DE GARCÍA,813003431,41885
E.S.E. HOSPITAL SAN JUAN DE DIOS DE VALDIVIA,891982129,5854
E.S.E. HOSPITAL REGIONAL DE VÉLEZ,900067136,68861
E.S.E. HOSPITAL HORACIO MUÑOZ SUESCUN,890982184,5761
E.S.E. CENTRO DE SALUD DE BRICEÑO,820003787,15106
AIPE,891180238,41016
E.S.E. HOSPITAL GUACHUCAL,937000286-6,52317
E.S.E. HOSPITAL REGIONAL DE MONIQUIRÁ,891800395,15469
E.S.E. HOSPITAL SAN RAFAEL,890982091,5660
E.S.E. HOSPITAL LOCAL FUENTEDEORO,822001570,50287
E.S.E. HOSPITAL LA MISERICORDIA,890980959,5036
HOSPITAL SAN ANTONIO DE BETANIA,ND19,5091
HOSPITAL UNIVERSITARIO SAN JOSÉ DE POPAYÁN,891580002,19001
E.S.E. RED DE SALUD DEL CENTRO,805027261-3,76001
HOSPITAL HERNANDO QUINTERO BLANCO,824000440,20250
E.S.E. HOSPITAL FRANCISCO VALDERRAMA DE TURBO,ND20,5837
E.S.E. CENTRO DE SALUD TOTA,826002890,15822
E.S.E. HOSPITAL SAN CARLOS,891200543,52693
E.S.E. HOSPITAL SAN FRANCISCO DE IBAGUÉ,890707059,73001
E.S.E. HOSPITAL REGIONAL NOROCCIDENTAL DE ABREGO,807008842,54003
ESE HOSPITAL LAUREANO PINO,890984427,5658
E.S.E. HOSPITAL 7 DE AGOSTO,819002363,47555
E.S.E. HOSPITAL SAN JUAN DE DIOS,890980752,5440
E.S.E. HOSPITAL LA MISERICORDIA DE CALARCÁ,890000600,63130
E.S.E. HOSPITAL NAZARETH I NIVEL,800217641,11001
HOSPITAL DE SAN MARCOS DE CHINCHINÁ,ND21,17174
E.S.E. HOSPITAL SAN FRANCISCO DE GACHETÁ,899999163,25297
E.S.E. SANATORIO AGUA DE DIOS,890680014-9,25001
E.S.E. PRIMER NIVEL GRANADA SALUD,900005594,50313
E.S.E. HOSPITAL SAN ROQUE,891301121,76563
E.S.E CENTRO DE SALUD OVEJAS,823001873,70508
E.S.E HOSPITAL SAN JOSE DE SAN BERNARDO DEL VIENTO,891000499,23675
E.S.E. HOSPITAL SAN JUAN DE DIOS DE PAMPLONA,890501019,54518
E.S.E. POLCLÍNICO DE JUNÍN,900000427,25372
HOSPITAL NUESTRA SEÑORA DEL CARMEN DE TABIO,899999164,25785
E.S.E. SALUD,891855492,15047
E.S.E. HOSPITAL SAN ANDRÉS APÓSTOL,812001332,23670
E.S.E. HOSPITAL MENTAL DE ANTIOQUIA,890905166,5088
E.S.E. UNIDAD BÁSICA DE ATENCIÓN NUESTRA SEÑORA DEL CARMEN,842000144-7,99001
E.S.E. EMPRESA DE SALUD,832001794,25754
E.S.E. TIERRADENTRO,900145585,19517
E.S.E. HOSPITAL SAN ANTONIO CISNEROS,890980444,5190
E.S.E. HOSPITAL MARÍA INMACULADA,890700694,73616
E.S.E. CAMU IRIS LÓPEZ DURAN,812002993,23672
EMPRESA SOCIAL DEL ESTADO ESE CAMU DE PURISIMA,812001792,23586
E.S.E. HOSPITAL SAN JOSÉ DEL GUAVIARE,832001966,95001
E.S.E. HOSPITAL MARÍA AUXILIADORA,890980997,5172
E.S.E. HOSPITAL SAN ANTONIO DE CERRITO,ND22,68162
E.S.E. CENTRO DE SALUD CAMILO HURTADO CIFUENTES,900127853,52490
HOSPITAL LOCAL DE OBANDO,891901041,76497
E.S.E. HOSPITAL SAN ANTONIO,890801699,17433
E.S.E. HOSPITAL SAN RAFAEL DE FUSAGASUGÁ,890680025,25290
HOSPITAL UNIVERSITARIO SAN JORGE DE PEREIRA,ND23,66001
E.S.E. HOSPITAL SAN MARTIN DE PORRES DE CHOCONTA,860024766,25183
E.S.E. HOSPITAL SAN RAFAEL DE LETICIA,838000096,91001
E.S.E. HOSPITAL SAN RAFAEL DE CONCEPCIÓN,890203551,68207
E.S.E. HOSPITAL MEISSEN II NIVEL,800220011-7,11001
HOSPITAL DEPARTAMENTAL CENTENARIO DE SEVILLA,821003143,76736
E.S.E CENTRO DE SALUD DE POLONUEVO,802004549,8558
HOSPITAL REINA SOFIA DE ESPAÑA,890706823,73408
ESE HOSPITAL TULIA DURAN DE BORRERO DE BARAYA,891180159,41078
HOSPITAL SAN ANTONIO DE MARMATO,810001392,17442
E.S.E. HOSPITAL SAN JUAN DE DIOS DE LEBRIJA,890203436,68406
E.S.E. HOSPITAL CAMILO VILLAZON PUMAREJO,824002672,20570
E.S.E. HOSPITAL UNIVESITARIO DEL CARIBE,900042103,13001
HOSPITAL ULPIANO TASCON  QUINTERO,891301447,76670
E.S.E HOSPITAL LOCAL SAN JOSÉ DE PUEBLOVIEJO,819001309,47570
E.S.E. CENTRO HOSPITAL LUIS ANTONIO MONTERO,814003182,52560
E.S.E. HOSPITAL NUESTRA SEÑORA DEL PERPETUO SOCORRO,890984670,5234
E.S.E. HOSPITAL LA MISERICORDIA,890701922,73675
E.S.E. HOSPITAL SAN JUAN DE DIOS,890700666,73349
E.S.E. HOSPITAL SAN BARTOLOME DE CAPITANEJO,800194328,68147
E.S.E. CENTRO DE SALUD DE LOS PALMITOS,823002541,70418
E.S.E. HOSPITAL PIO XII DE ARGELIA,891901101,76054
E.S.E. HOSPITAL EL SOCORRO,824000469,20750
E.S.E. HOSPITAL INTEGRADO SAN ANTONIO,890204789,68572
E.S.E. HOSPITAL SAN FRANCISCO DE VIOTÁ,890680032,25878
E.S.E. HOSPITAL LOCAL,819001274,47545
E.S.E. CENTRO DE SALUD SAN ROQUE,804015164,68001
E.S.E. HOSPITAL SAN SEBASTIÁN DE URABÁ,890985603,5490
E.S.E. HOSPITAL SUSANA LÓPEZ DE VALENCIA,891501676,19001
E.S.E. HOSPITAL DEPARTAMENTAL JUAN DOMÍNGUEZ ROMERO,802009766,8758
E.S.E. HOSPITAL EL CARMEN,804016365,68235
E.S.E. HOSPITAL NUESTRA SEÑORA DE LA CANDELARIA,ND24,5001
HOSPITAL SAN VICENTE DE ROVIRA,809005719,73624
E.S.E. HOSPITAL JUAN PABLO II DE ARATOCA,832193904-2,68051
E.S.E. HOSPITAL SANTO DOMINGO SAVIO,804005555,68255
E.S.E CAMU DIVINO NIÑO,812003382,23580
HOSPITAL SAN VICENTE DE PAUL NEMOCÓN,860024026,25486
E.S.E. HOSPITAL SAN JOSÉ DE EL COCUY,891855719,15244
E.S.E. CENTRO DE SALUD NUESTRA SEÑORA DE FATIMA,900134497,52240
HOSPITAL NUESTRA SEÑORA DEL ROSARIO DE SUESCA,832011441,25772
E.S.E. HOSPITAL JOSÉ MARÍA HERNÁNDEZ,891200679,86757
E.S.E. HOSPITAL SAGRADA FAMILIA DE TORO,ND25,76001
HOSPITAL LAZARO ALFONSO HERNANDEZ LARA,824000586,20710
HOSPITAL SIQUIÁTRICO UNIVERSITARIO SAN ISIDRO,ND26,76001
E.S.E. CENTRO DE SALUD DE CHITARAQUE,820003580,15185
EMPRESA SOCIAL DEL ESTADO CENTRO DE SALUD CON CAMAS DE MONTECRISTO,806008930,13458
E.S.E. HOSPITAL MERCEDES TÉLLEZ DE PRADILLA,900094475,25867
E.S.E. CENTRO DE SALUD,900206237,70204
HOSPITAL ESPECIAL CUBARA EMPRESA SOCIAL DEL ESTADO,826002341,15223
HOSPITAL SAN VICENTE DE PAÚL DE BARBOSA,890905193,5079
NA,800253167,8001
E.S.E. HOSPITAL SAN JUAN BAUTISTA,897001459-4,73168
E.S.E CAMU SANTA TERESITA,812001423,23417
E.S.E. HOSPITAL DE GIRARDOT,900290890,25307
E.S.E. RED DE SALUD DEL NORTE,805027287-4,76001
E.S.E. HOSPITAL SAN JOSÉ,890203222,68669
E.S.E. HOSPITAL SAN ANTONIO DE TARQUI,891180232,41791
E.S.E. HOSPITAL PIO X,890000905,63401
E.S.E. HOSPITAL LUISA SANTIAGA MARQUÉS IGUARÁN,819001712,47053
HOSPITAL SERAFÍN MONTAÑA CUELLAR DE SAN LUIS,ND27,73678
E.S.E. CENTRO DE SALUD,823001999,70717
E.S.E. CENTRO DE SALUD SANTIAGO,814006625,52435
HOSPITAL SAN RAFAEL DE RISARALDA,890801235,17616
E.S.E. CENTRO DE SALUD NUESTRA SEÑORA DEL PILAR,900192678,52022
E.S.E. HOSPITAL LOCAL VITO FASAEL GUTIERREZ PEDRAZA,809000383,73854
E.S.E. HOSPITAL SAN ROQUE DE GUACARÍ,891380046,76318
E.S.E. CENTRO DE SALUD DE RICAURTE,900058218,25612
E.S.E. HOSPITAL MENTAL FILANDIA,890000992,63272
EMPRESA SOCIAL DEL ESTADO,900146012,19318
E.S.E. CENTRO DE SALUD SAN JUAN DE DIOS,813006677,41548
E.S.E. CAMILO TRUJILLO SILVA,813011505,41530
E.S.E. CENTRO DE SALUD NUESTRA SEÑORA DE LA ESPERANZA MOLAGAVITA,804014810,68468
E.S.E. HOSPITAL MARIA ANGELINES,846000678,86573
HOSPITAL INMACULADA CONCEPCIÓN DE CHIMICHAGUA E.S.E,892300179,20175
E.S.E. HOSPITAL SAN VICENTE DE PAUL DE PAIPA,891855209,15516
HOSPITAL DE CASTILLA LA NUEVA E.S.E,900004059,50150
HOSPITAL SANTA TERESA DE JESÚS DE AVILA,825001037,44001
HOSPITAL SAN RAFAEL,890982183,5038
E.S.E. HOSPITAL SAN PEDRO Y SAN PABLO,891401643,66400
E.S.E. HOSPITAL SAN RAFAEL,891190011,18150
E.S.E. HOSPITAL SAN JUAN BOSCO,824000450,20060
E.S.E. VIRGEN DE LOURDES,900142579,52110
E.S.E. HOSPITAL SAN  ANTONIO,891200445,52079
E.S.E. SUROCCIDENTE,900145767,19532
E.S.E. SANTA ROSA DE LIMA DE PAICOL,813011027,41518
E.S.E. SAN PEDRO DE CUMBITARA,900179095,52233
E.S.E. HOSPITAL SANTA LUCIA,890980181,5282
E.S.E. CENTRO DE SALUD SAN FRANCISCO,900167616,52473
E.S.E. CENTRO DE SALUD SAN JUAN BOSCO,900140292,52385
E.S.E. HOSPITAL SAGRADO CORAZÓN DE JESÚS DE SOCHA,881862576,15757
E.S.E. HOSPITAL NUESTRA SEÑORA DEL CARMEN,890702241,73148
E.S.E. HOSPITAL SAN FRANCISCO,890983675,5543
E.S.E. HOSPITAL SANTA ISABEL DE SAN PEDRO DE LOS MILAGROS,ND28,5664
E.S.E. SAN CAYETANO HOSPITAL GUAPOTÁ,804007868,68322
E.S.E. HOSPITAL SANTA MARTA DE SAMACÁ,891800335,15646
E.S.E. JUAN RAMÓN NÚÑEZ,813010966,41378
E.S.E. HOSPITAL PILOTO JAMUNDI,890306950,76364
E.S.E. HOSPITAL REGIONAL DE SAN GIL,ND29,68679
E.S.E. HOSPITAL SANTA ANA DE MUZO,800254850,15480
E.S.E. HOSPITAL DEL SUR,830077444,11001
E.S.E. HOSPITAL LOCAL DE REMOLINO,819001235,47605
ESE HOSPITAL ARSENIO REPIZO VANEGAS,891180113,41668
HOSPITAL SAN VICENTE DE PAUL CIRCASIA,890000671,63190
HOSPITAL AGUSTÍN CODAZZI,892300358,20013
E.S.E. SAN SEBASTIÁN,813002872,41396
E.S.E. CENTRO DE SALUD CAIMITO,823001943,70124
E.S.E. CENTRO DE SALUD MUNICIPIO DE LABRANZAGRANDE,826002687,15377
E.S.E. HOSPITAL ISABEL CELIS YÁÑEZ,900045710,54001
E.S.E HOSPITAL LOCAL DE CAMPO DE LA CRUZ,900017892,8137
E.S.E. HOSPITAL INTEGRADO SAN JUAN DE DIOS DE BARICHARA,890202002,68079
EMPRESA SOCIAL DEL ESTADO HOSPITAL SAN NICOLAS ¿ PLANETA RICA,891000736,23555
E.S.E. HOSPITAL SAN JOSÉ,890981424,5642
E.S.E. HOSPITAL SAN JUAN DE DIOS DE SANTA FE DE ANTIOQUIA,890982264,5042
E.S.E. HOSPITAL BENJAMIN BARNEY GASCA FLORIDA,891380055,76275
E.S.E. HOSPITAL DIÓGENES TRONCOSO,860024030,25572
E.S.E. HOSPITAL LOCAL SANTACRUZ,891901123,76828
E.S.E. HOSPITAL GERMÁN VÉLEZ GUTIÉRREZ,890982116,5093
E.S.E. HOSPITAL DIVINO NIÑO,813002933,41615
E.S.E. CAMU SAN PELAYO,812001550,23686
E.S.E. CENTRO DE SALUD MUNICIPIO DE PROVIDENCIA,814007194,52565
E.S.E. HOSPITAL REGIONAL,891855438,15238
E.S.E. CAMU DEL PRADO,ND30,23001
E.S.E. HOSPITAL SAN RAFAEL,890980727,5308
NA,844001287,85410
E.S.E. CENTRO DE SALUD LA BUENA ESPERANZA COLÓN,900136920,52203
NUEVA E.S.E. HOSPITAL DEPARTAMENTAL SAN FRANCÍSCO DE ASÍS DE QUIBDO,901108114-5,27001
E.S.E. CENTRO DE SALUD,900208532,70670
E.S.E. HOSPITAL ALCIDES JIMENEZ,846001669,86569
EMPRESA SOCIAL DEL ESTADO CENTRO DE SALUD CON CAMAS,86011087-1,13268
E.S.E QUILISALUD,817.003.532-4,19698
E.S.E. HOSPITAL LOCAL DE PUERTO ASÍS,846000253,86568
E.S.E HOSPITAL SAN FRANCISCO,800201197,23189
HOSPITAL HILARIO LUGO,932000002-1,25001
E.S.E. HOSPITAL SAN FRANCISCO DE ASIS NIVEL I,891180091,41524
E.S.E. CENTRO DE SALUD DE ZETAQUIRÁ,820002715,15897
E.S.E. HOSPITAL SAN JOSE DE NEIRA,890801562,17486
E.S.E. HOSPITAL SANTA BARBARA DE VENADILLO,890701010,73861
E.S.E. HOSPITAL RAÚL OREJUELA BUENO,815000316,76520
E.S.E. CENTRO DE SALUD SAN MIGUEL,900135676,52051
E.S.E. HOSPITAL FEDERICO LLERAS ACOSTA DE IBAGUÉ,890706833,73001
EMPRESA SOCIAL DEL ESTADO NORTE 2,900146006,19142
E.S.E. DE PRIMER NIVEL DEL MUNICIPIO DE EL ROSARIO,900145604,52256
E.S.E. HOSPITAL SAN LUIS BELTRÁN,890981848,5656
E.S.E. CAMU LA APARTADA,812002496,23350
E.S.E. CENTRO DE SALUD  MIGUEL BARRETO LÓPEZ,813004018,41799
E.S.E. CENTRO DE SALUD SANTA BARBARA DE TUNUNGUA,820003839,15832
EMPRESA SOCIAL DEL ESTADO HOSPITAL ISABEL LA CATÓLICA,890982430,5120
E.S.E. HOSPITAL SANTO DOMINGO,800003124-9,73152
HOSPITAL SAN VICENTE DE PAÚL,891900438,76020
E.S.E. CENTRO DE ATENCIÓN Y REHABILITACIÓN INTEGRAL EN SALUD MENTAL DE CARISMA,890985405,5001
E.S.E. HOSPITAL JORGE CRISTO SAHIUM,807004631,54874
HOSPITAL RAMÓN MARIA ARANA,809001159,73461
E.S.E. HOSPITAL DEL SARARE,800231215,81736
E.S.E. HOSPITAL NELSON RESTREPO MARTINEZ,800125697,73055
E.S.E. HOSPITAL UNIVERSITARIO DE,892280033,70001
E.S.E. HOSPITAL SAN JOSE DE BECERRIL,824000425,20045
E.S.E. HOSPITAL MUNICIPAL RUBÉN CRUZ VÉLEZ,821000831,76834
E.S.E. HOSPITAL ORITO,846000474,86320
E.S.E. HOSPITAL LA MISERICORDIA DE YALÍ,890982162,5885
E.S.E. HOSPITAL SAN JUAN DE DIOS DE TÁMESIS,890980855,5789
E.S.E HOSPITAL LOCAL SABANAS DE SAN ÁNGEL,819003599,47660
E.S.E. SAN BENITO,804015069,68673
E.S.E. NUESTRA SEÑORA DE LA PAZ,804015920,68397
E.S.E. HOSPITAL SAN JOAQUIN,890981652,5483
E.S.E. HOSPITAL SAN VICENTE DE PAÚL,ND36,5604
E.S.E. HOSPITAL REGIONAL II NIVEL DE SAN MARCOS,800191643,70708
E.S.E. HOSPITAL SAN LORENZO DE LIBORINA,ND31,5001
E.S.E. HOSPITAL FRONTERIZO LA DORADA,846002309,86757
HOSPITAL MARIO CORREA RENGIFO DE CALI,ND32,76001
HOSPITAL SAN CAMILO DE LELIS,800114286,5858
HOSPITAL DE LA CEJA,890980758,5376
E.S.E. CENTRO DE SALUD MUNICIPAL NIVEL I LUIS ACOSTA,814006689,52399
E.S.E. HOSPITAL SAN JOSÉ,890205655,68855
E.S.E. UNIDAD DE SALUD NOBSA,826002019,15491
E.S.E. HOSPITAL ROSARIO PUMAREJO DE LÓPEZ,892399994,20001
E.S.E. HOSPITAL SAN JOSÉ DE GUADUAS,860020283,25320
E.S.E. CENTRO DE SALUD SAN JOSÉ DE ALBÁN,900131684,52019
HOSPITAL SAN VICENTE DE PAÚL,890701490,73563
E.S.E. HOSPITAL JORGE JULIO GUZMAN,846003357,86571
E.S.E. SAN PEDRO,890982140,5628
E.S.E HOSPITAL LOCAL DE MALAMBO MARIA MAGDALENA,802009806,8433
E.S.E. HOSPITAL FRANCISCO CANOSSA,800150497,20550
E.S.E. CENTRO DE SALUD NUESTRA SEÑORA DEL CARMEN,900166361,52390
HOSPITAL SAN JOSÉ DE GUACHETÁ,ND33,25317
E.S.E. HOSPITAL LA VICTORIA III NIVEL,800197177,11001
E.S.E. CENTRO DE SALUD JUAN SOLERI,804007611,68245
E.S.E. INES OCHOA PEREZ DE TIBASOSA,826002852,15806
E.S.E. HOSPITAL REGIONAL SEGUNDO NIVEL DE ATENCIÓN VALLE DE TENZA,900004894,15322
E.S.E. CENTRO HOSPITAL DIVINO NIÑO,840001036,52835
E.S.E. HOSPITAL SAN JORGE,812001219,23068
E.S.E. HOSPITAL DEPARTAMENTAL SAN SIMÓN DE VICTORIA,890802628,17867
E.S.E. CENTRO DE SALUD EL ROBLE,900205773,70233
E.S.E. CENTRO HOSPITAL LAS MERCEDES,900160887,52621
E.S.E. HOSPITAL LOCAL,819001796,47268
E.S.E. HOSPITAL SANTA ROSA DE LIMA,809005452,73770
E.S.E. HOSPITAL HATILLO DE LOBA,806013761,13300
E.S.E. HOSPITAL SAN ANTONIO DEL TEQUENDAMA,900036553,25645
HOSPITAL HÉCTOR ABAD GÓMEZ DE YONDÓ,ND34,5893
E.S.E. LUIS LANCHEROS DE COPER,820003571,15212
E.S.E. HOSPITAL SAN ANTONIO DE PADUA,900196366,13744
EMPRESA SOCIAL DEL ESTADO HOSPITAL GUSTAVO GONZÁLEZ OCHOA,890982113,5647
E.S.E. CENTRO DE SALUD SALUDYA,900108282,52885
E.S.E. CENTRO DE SALUD FE Y ESPERANZA,820003533,15764
E.S.E. CLINICA GUANE Y SU RED INTEGRAL DE SALUD,804006936,68276
E.S.E. HOSPITAL SAN AGUSTÍN DE FONSECA,892170002,44279
E.S.E. CENTRO DE SALUD DE TIMBÍO,817000999,19807
E.S.E. HOSPITAL NUESTRA SEÑORA DE FATIMA DE SUAZA,891180190,41770
E.S.E. SALUD PAZ DE RÍO,826002718,15537
E.S.E. HOSPITAL DE PEDRAZA,819001345,47541
E.S.E. HOSPITAL SAN JUAN DE DIOS,890201933,68296
E.S.E. FABIO JARAMILLO LONDOÑO,900211468,18001
E.S.E. BLANCA ALICIA HERNANDEZ,804009658,68020
E.S.E. EDMUNDO GERMÁN ARIAS DUARTE,890201724,68575
E.S.E. HOSPITAL PONEDERA,802009195,8560
E.S.E. CENTRO DE SALUD CUASPUD CARLOSAMA,814006607,52224
E.S.E. HOSPITAL SAN RAFAEL DE MATANZA,890210222,68444
E.S.E. CENTRO DE SALUD CÓMBITA,820003411,15204
E.S.E. CENTRO DE SALUD MACANAL,820000857,15425
E.S.E. HOSPITAL SAN BARTOLOMÉ,800165050,5475
E.S.E. HOSPITAL PEDRO CLAVER AGUIRRE YEPES,800139704,5819
E.S.E. NUESTRA SEÑORA DE LAS NIEVES,900005067,68418
HOSPITAL SANTA ANA DE PIJAO,890001824,63001
E.S.E. HOSPITAL SAN JUAN DE DIOS DE EL SANTUARIO,890980326,5697
HOSPITAL MANUEL URIBE ÁNGEL DE ENVIGADO,ND35,5266
E.S.E HOSPITAL LOCAL DE SAN MARTÍN EMPRESA SOCIAL DEL MUNICIPIO- SAN MARTÍN DE LOS LLANOS,892000458,50689
E.S.E. HERMES ANDRADE MEJÍA,900125582,52788
E.S.E. CENTRO DE SALUD SAN CAYETANO DE CONFINES,804012398,68209
EMPRESA SOCIAL DEL ESTADO POPAYÁN,900145579,19001
E.S.E. CENTRO DE SALUD GUARANDA,823003985,70265
E.S.E. HOSPITAL REGIONAL MANUELA BELTRÁN,900190045,68755
E.S.E. HOSPITAL LOCAL DE CUBARRAL,900048040,50223
E.S.E. CENTRO DE SALUD SAN FRANCISCO DE SALES,900283194,25658
E.S.E. HOSPITAL SAN CAYETANO DE MARQUETALIA,890801274,17444
E.S.E. HOSPITAL SANTA CATALINA,891900887,76246
E.S.E. HOSPITAL SAN ANTONIO,890981163,5145
E.S.E. CENTRO DE SALUD SAN BERNARDO,900134576,52685
E.S.E. CENTRO DE SALUD NUESTRA SEÑORA DE GUADALUPE,820003516,15511
E.S.E. HOSPITAL SAN FRANCISCO,891800906,15407
E.S.E. HOSPITAL SAN VICENTE DE PAÚL,ND36,66045
E.S.E. HOSPITAL PROFESOR JORGE CAVELIER,832002436,25126
E.S.E. CENTRO DE SALUD SAN ANTONIO DE LA PARED,820000886,15600
IPS CENTRO DE SALUD DE ENCINO,ND37,68264
E.S.E. CENTRO DE SALUD ANCUYA,900000410,52036
E.S.E. HOSPITAL DEL ROSARIO,891180039,41132
E.S.E. CENTRO DE SALUD DE VIRACACHÁ,820003352,15879
E.S.E. HOSPITAL ISAÍAS DUARTE CANCINO,805028530,76001
E.S.E. HOSPITAL REGIONAL OCCIDENTE,807008843,54001
E.S.E. HOSPITAL TOBÍAS PUERTA,800065395,5842
E.S.E. HOSPITAL REGIONAL DE II NIVEL NUESTRA SEÑORA DE LAS MERCEDES DE COROZAL,890480113,70215
E.S.E. CENTRO DE SALUD SACHICA,820004060,15638
HOSPITAL DEPARTAMENTAL SAN ANTONIO DE ROLDANILLO,891900343,76001
E.S.E. HOSPITAL FRANCISCO LUIS JIMÉNEZ MARTÍNEZ,800227877,5147
E.S.E. CAMU EL AMPARO,812005726,23001
E.S.E. HOSPITAL NUESTRA SEÑORA DEL CARMEN,900196346,13244
HOSPITAL EL TUNAL,800209488-1,11001
E.S.E. HOSPITAL SAN LUCAS,825000140,44110
E.S.E. CENTRO DE SALUD VENTAQUEMADA,820002248,15861
E.S.E. HOSPITAL SAN JUAN DE DIOS,890907297,5209
E.S.E. HOSPITAL SAN RAFAEL,890906344,5150
EMPRESA SOCIAL DEL ESTADO CENTRO DE SALUD SAN JERONIMO,826002930,15464
E.S.E. CENTRO DE SALUD SANTIAGO APÓSTOL,900142999,52354
E.S.E. HOSPITAL DEL PERPETUO SOCORRO,813011566,41872
HOSPITAL SAN ANTONIO DE VILLAMARÍA,890801944,17873
E.S.E. HOSPITAL SAN VICENTE DE PAÚL,ND36,66687
E.S.E. HOSPITAL SAN JOSÉ NIVEL I MARIQUITA,890706067,73443
E.S.E. CENTRO SALUD PAYA BOYACÁ,826002226,15533
E.S.E. CENTRO DE SALUD MANUEL ELKIN PATARROYO,820004318,15507
ESE. HOSPITAL LOCAL DE TENERIFE,819001302,47798
HOSPITAL SAN CARLOS EMPRESA SOCIAL DEL ESTADO,890701300,73671
E.S.E. HOSPITAL SAN ANTONIO,890702408,73030
E.S.E. NORTE 1,900146010,19110
E.S.E. HOSPITAL SAN VICENTE DE PAÚL,ND36,5649
E.S.E. CENTRO DE SALUD FLORESTA,826002164,15276
E.S.E. HOSPITAL SAN JUAN DE DIOS DE FLORIDABLANCA,890202024,68276
E.S.E. HOSPITAL CRISTO REY,891411665,66075
E.S.E. HOSPITAL REGIONAL DEL MAGDALENA MEDIO,900136865,68081
E.S.E. HOSPITAL SAN MARTIN LA BELLEZA,804008770,68377
E.S.E. HOSPITAL NUESTRA DE PILAR,800101022,44078
E.S.E. HOSPITAL NIVEL I EL BORDO,891500736,19532
E.S.E. HOSPITAL LOCAL ZONA BANANERA,819003632,47980
E.S.E. HOSPITAL OCTAVIO OLIVARES,890985810,5585
HOSPITAL LOCAL NIVEL I NUESTRA SEÑORA DEL SOCORRO,823000624,70742
E.S.E. HOSPITAL DE MACARAVITA,ND38,68425
E.S.E. HOSPITAL SAGRADO CORAZÓN DE JESÚS,812000300,23855
E.S.E. HOSPITAL SAN JULIAN,890981851,5055
E.S.E. HOSPITAL LA ANUNCIACIÓN DE MUTATÁ,ND39,5480
E.S.E. HOSPITAL SAN RAFAEL,890980765-9,5368
E.S.E. HOSPITAL SAN JOSÉ DE MARSELLA,891408747,66440
E.S.E. CENTRO DE SALUD SIACHOQUE,820003684,15740
EMPRESA SOCIAL DEL ESTADO OCCIDENTE ESE,900145588,19418
HOSPITAL SAN CAMILO DE BUENAVISTA,801002325,63111
E.S.E. JAIME ALVARADO Y CASTILLA,ND40,81001
E.S.E. HOSPITAL LOCAL MUNICIPAL DE HOBO,813011515,41349
E.S.E. CENTRO DE SALUD SAN,823002856,70473
E.S.E. GAMEZA MUNICIPIO SALUDABLE,826001960,15296
HOSPITAL SANTA MARGARITA,800160400,76377
E.S.E. HOSPITAL SAN JUAN DEL SUROESTE,800068653,5353
E.S.E. HOSPITAL SAN JOSÉ,89190745-8,76606
E.S.E. HOSPITAL FEDERICO ARBELÁEZ,890702080,73226
E.S.E. HOSPITAL SAN ANTONIO DE MONTEBELLO,890981096,5467
E.S.E. HOSPITAL SAN FERNANDO,890906346,5030
E.S.E. HOSPITAL SAN VICENTE DE PAÚL,ND36,5576
HOSPITAL SAN VICENTE DE PAUL DE GENOVA,890000448,63302
E.S.E. CENTRO DE SALUD NUESTRA SEÑORA DE BELÉN,826002660,15087
E.S.E. CENTRO DE SALUD SAN SEBASTIAN,900127207,52480
E.S.E. HOSPITAL SAN PIO X,890981266,5142
E.S.E. DE OCAMONTE,804015127,68498
E.S.E. HOSPITAL SAN ROQUE,813010472,41801
E.S.E. HOSPITAL MARÍA ANTONIA TORO DE ELEJALDE,890906991,5284
E.S.E. HOSPITAL SANTA LUCIA,891901296,76250
E.S.E HOSPITAL SAN VICENTE DE PAUL,860023999,25662
E.S.E. HOSPITAL SAN JUAN DE DIOS ANORI,890982138,5040
E.S.E. HOSPITAL SAN RAFAEL,891380103,76248
E.S.E. HOSPITAL VISTA HERMOSA I NIVEL,800248276-3,11001
E.S.E. SALUD PESCA,826002031,15542
EMPRESA SOCIAL DEL ESTADO CAMU PUERTO ESCONDIDO,812001846,23574
E.S.E. ANDRÉS CALA PIMENTEL,804013885,68522
E.S.E. HOSPITAL SAN JOSÉ,800099124,66383
E.S.E. HOSPITAL DONALDO SAUL MORON MANJARREZ,825001119,44420
E.S.E. CENTRO DE SALUD SAN MIGUEL,804017401,68686
HOSPITAL SANTO TOMAS EMPRESA SOCIAL DEL ESTADO,800174123,8685
EMPRESA SOCIAL DEL ESTADO ESE CENTRO DE SALUD EL PEÑÒN,900000615,68250
E.S.E. HOSPITAL SAN VICENTE DE RAMIRIQUÍ,891800644,15599
E.S.E. COROMORO,804008515,68217
E.S.E. HOSPITAL HELI MORENO BLANCO,800026173,20517
E.S.E. CAYETANO MARÍA DE ROJAS,900129296,25258
E.S.E. HOSPITAL REGIONAL DE GARCIA ROVIRA,900067169,68432
E.S.E. CENTRO DE SALUD LAS MERCEDES,820003456,15131
E.S.E HOSPITAL LOCAL DE SAN CARLOS DE GUAROA,900077520,50680
E.S.E CENTRO DE SALUD CON CAMA DE ARROYOHONDO,806008082,13062
E.S.E. CENTRO DE SALUD SANTA SOFÍA,820003284,15696
E.S.E. CENTRO DE SALUD SAN BLAS,820003619,15808
E.S.E. HOSPITAL EDUARDO ARREDONDO DAZA,824000725,20001
E.S.E. CENTRO DE SALUD JUAN FRANCISCO,820003929,15090
E.S.E. HOSPITAL SANTA ANA DE GUACA,890205627,68318
E.S.E. HOSPITAL SAN BLAS II NIVEL DE ATENCIÓN,800216303,11001
E.S.E. HOSPITAL SANTA BARBARA DE VERGARA,899999150,25862
E.S.E. CENTRO DE SALUD NUESTRA SEÑORA DEL ROSARIO,826002694,15790
E.S.E. HOSPITAL SAN JUAN DE DIOS,890980346,5809
E.S.E. HOSPITAL SAN ISIDRO,800193392,5306
E.S.E. HOSPITAL NIÑO JESÚS DE BARRANQUILLA,802006728,8001
E.S.E. HOSPITAL SAN ANTONIO,804011439,68132
E.S.E. HOSPITAL JOSÉ ANTONIO SOCARRÁS SÁNCHEZ,824000462,20443
E.S.E. HOSPITAL SAN PABLO DE TARSO,890982182,5792
E.S.E. SAN JOSÉ DE GUAVATÁ,804010394,68324
E.S.E. HOSPITAL SAN ANTONIO DE ANOLAIMA,832001465,25040
E.S.E. CENTRO DE SALUD SIMÓN BOLÍVAR,826002860,15839
E.S.E. HOSPITAL DEL SUR GABRIEL JARAMILLO PIEDRAHITA,811017810,5360
E.S.E. HOSPITAL SAN RAFAEL DE OIBA,890203563,68500
E.S.E. HOSPITAL DE ENCISO,804017570,68266
E.S.E. HOSPITAL LA MERCED,890805203,17388
HOSPITAL SAN JUAN DE DIOS DE RIONEGRO,ND41,5615
E.S.E. HOSPITAL MUNICIPAL NUESTRA SEÑORA DE GUADALUPE,813007875,41319
HOSPITAL SAN NICOLÁS EMPRESA SOCIAL DEL ESTADO,891901061,76863
E.S.E. HOSPITAL SAN JORGE CALIMA EL DARIÉN,890312380,76126
E.S.E SAN JUAN DE BETULIA,900169684,70771
ESE HOSPITAL SAN JUAN CRISOSTOMO,824000472,20310
E.S.E. HOSPITAL SAN AGUSTÍN DE PUERTO MERIZALDE,800155000,76109
E.S.E. HOSPITAL SAN PEDRO CLAVER,890204659,68464
E.S.E. HOSPITAL LA MISERICORDIA,800138011,5495
E.S.E. CENTRO DE SALUD SAN JUDAS TADEO,826002929,15820
E.S.E. CENTRO DE SALUD MANUEL ALBERTO FONSECA SANDOVAL DE SOTAQUIRÁ,820003374,15763
E.S.E. HOSPITAL INTEGRADO DE LANDAZURI,890205516,68385
E.S.E. SANTA GERTRUDIS,900125759-3,5266
HOSPITAL SAN RAFAEL DE ZARZAL,ND42,76895
CENTRO DE SALUD SAÚL QUIÑONES,900113729,52427
E.S.E. HOSPITAL SAN ROQUE,890704495,73217
E.S.E. SAN ANTONIO DE PADUA DE PINCHOTE,804015047,68549
E.S.E. CENTRO DE SALUD DE TOCA,820003524,15814
HOSPITAL ISMAEL PERDOMO,890704505,73870
E.S.E. NUESTRA SEÑORA DEL ROSARIO DE PISBA,826002963,15550
E.S.E. HOSPITAL NUESTRA SEÑORA DEL CARMEN,800138311,5250
E.S.E. HOSPITAL SAN MIGUEL,800202398,5501
HOSPITAL LOCAL PRIMER NIVEL GUAMAL E.S.E.,800037202,50318
E.S.E. HOSPITAL INTEGRADO SAN JUAN,890204895,68190
ESE HOSPITAL LUISA ABLANQUE DE LA PLATA DEL DISTRITO DE BUENAVENTURA,835000972,76109
E.S.E. HOSPITAL BAUDILIO ACERO,891800857,15835
HOSPITAL SAN RAFAEL E.S.E,890700568,73236
E.S.E. CENTRO DE SALUD JAIME MICHEL,804010718,68720
E.S.E. I.P.S. DEL MUNICIPIO DE CARTAGO,836000386,76147
E.S.E. HOSPITAL INTEGRADO SAN BERNARDO,890205456,68077
E.S.E. HOSPITAL SAN JOSÉ DE BELALCÁZAR,800194627,17088
E.S.E. HOSPITAL SAN JOSÉ VITERBO CALDAS,890802978,17877
E.S.E. CENTRO DE SALUD NUESTRA SEÑORA DE LA NATIVIDAD DE JERICÓ,826001918,15368
E.S.E. CENTRO DE SALUD LA UVITA,826002202,15403
E.S.E. HOSPITAL SAN RAFAEL,890906560,5690
HOSPITAL SANTANDER DE CAICEDONIA,ND43,76122
E.S.E. CENTRO DE SALUD CERINZA,826002641,15162
E.S.E. HOSPITAL NUESTRA SEÑORA DE LAS MERCEDES,813012833,41660
E.S.E. PUESTO DE SALUD DE CIÉNEGA,800002468-7,15189
E.S.E. DAVID MOLINA MUÑOZ OPORAPA,813012946,41503
E.S.E. SURORIENTE,900145572,19397
E.S.E. CENTRO DE SALUD OICATA,820003973,15500
E.S.E. HOSPITAL SANTA LUCIA DE RONCESVALLES,890701435,73622
E.S.E. HOSPITAL GILBERTO MEJÍA MEJÍA DE RIONEGRO,ND44,5615
NA,919004318,47460
E.S.E. CENTRO DE SALUD COTORRA,812003726,23300
E.S.E. CENTRO DE SALUD DE SANTANA,820003632,15686
E.S.E. HOSPITAL SAN RAFAEL,890981074,5347
E.S.E. HOSPITAL LOCAL DE SALAMINA,819001352,47675
E.S.E. CENTRO DE SALUD SANTA RITA DE CASIA,826002765,15810
E.S.E. CENTRO DE SALUD SAN PEDRO DE IGUAQUÉ,820003365,15232
E.S.E. HOSPITAL SAN VICENTE DE PAÚL,ND36,66456
E.S.E. HOSPITAL SANTA ANA DE LOS CABALLEROS,891900446,76001
E.S.E. HOSPITAL LOCAL SAN JACINTO,806007303,13654
E.S.E. HOSPITAL EL CARMEN DE AMALFI,890982101,5031
NA,820003337,15367
ESE RIO GRANDE DE LA MAGDALENA DEL MUNICIPIO DE MAGANGUE,806013598,13430
HOSPITAL NUESTRA SEÑORA DE LOS REMEDIOS DE SAN JOSÉ DE MIRANDA,800125276,68684
E.S.E. HOSPITAL SAN RAFAEL,891901082,76243
E.S.E. PASTO SALUD,900091143,52001
E.S.E. RED DE SALUD DEL ORIENTE,805027337-4,76001
E.S.E. CENTRO DE REHABILITACIÓN INTEGRAL DE BOYACÁ,891800982,15001
E.S.E. CENTRO DE SALUD LA CANDELARIA,820003193,15380
E.S.E. CENTRO DE SALUD SAMUEL VILLANUEVA VALEST  EL BANCO,819004280,47245
E.S.E. HOSPITAL DEPARTAMENTAL MANUEL ELKIN PATARROYO,843000009-4,94001
E.S.E HOSPITAL LOCAL ANA MARÍA RODRÍGUEZ,806007238,13647
E.S.E HOSPITAL SAN JUAN DE SAHAGÚN,812003851,23660
EMPRESA SOCIAL DEL ESTADO DEL ORDEN DEPARTAMENTAL HOSPITAL NUESTRA SEÑORA DE LAS MERCEDES DEL MUNICIPIO DE FUNZA,900750333,25286
E.S.E. CENTRO DE SALUD ARCABUCO,820003382,15051
HOSPITAL INTEGRADO SAN JOAQUÍN,890204672,68682
EMPRESA SOCIAL DEL ESTADO HOSPITAL LOCAL DE CONCORDIA,819003462,47161
HOSPITAL LOCAL ÁLVARO RAMÍREZ GONZÁLEZ,824000441,20770
E.S.E. HOSPITAL LA MILAGROSA,890702476,73873
E.S.E. CENTRO DERMATOLÓGICO FEDERICO LLERAS ACOSTA,800247350,11001
E.S.E. CENTRO DE SALUD DE MOTAVITA,820003404,15476
E.S.E. HOSPITAL MARCO A. CARDONA,890906966,5425
E.S.E. HOSPITAL NAZARETH,891401308,66594
E.S.E. CENTRO DE SALUD HECTOR PINEDA GALLO,826002625,15774
ESE HOSPITAL JOSE RUDECINDO LOPEZ PARODI,806006753,13074
E.S.E. HOSPITAL LA SAGRADA FAMILIA,890985457,5134
E.S.E. HOSPITAL MARINO ZULETA RAMÍREZ,824000204,20621
E.S.E. ANA SILVIA MALDONADO JIMÉNEZ,813011706,41206
E.S.E. CENTRO DE SALUD SAN JOSÉ DE BOYACÁ,820003622,15104
E.S.E. HOSPITAL REGIONAL CENTRO,807008824,54001
E.S.E. HOSPITAL SAN ISIDRO,800025221,73024
E.S.E. HOSPITAL INTEGRADO SAN ROQUE,890203887,68745
E.S.E. CENTRO DE SALUD SAN SEBASTIÁN,820002608,15761
E.S.E. CENTRO DE SALUD SANTA BARBARA,804008273,68705
E.S.E CENTRO DE SALUD NUESTRA SEÑORA DEL CARMEN,804007078,68867
EMPRESA SOCIAL DEL ESTADO CEPITA,804015655,68160
HOSPITAL SAN LORENZO DE SUPIA,890801758,17777
E.S.E. HOSPITAL DE CALDAS,800155633,17001
E.S.E.  HOSPITAL SAN JUAN DE DIOS,800212070,68092
E.S.E. HOSPITAL SANTA ISABEL,890902151,5310
E.S.E. CENTRO DE SALUD FIRAVITOBA,826002676,15272
E.S.E. HOSPITAL SANTA ANA,891410661,66318
E.S.E. HOSPITAL SAN RAFAEL,890982370,5240
E.S.E. SANTA BARBARA DE SORA,820003357,15762
E.S.E. HOSPITAL NUESTRA SEÑORA DE LOURDES,890703266,73067
EMPRESA SOCIAL DEL ESTADO HOSPITAL PRESBÍTERO ALONSO MARÍA GIRALDO,890982123-1,5667
E.S.E. HOSPITAL SAN MARTÍN DE PORRES,890982153,5059
E.S.E. CENTRO DE SALUD DE FOSCA,832007272,25281
E.S.E. HOSPITAL MUNICIPAL SAN ROQUE,890906211,5670
E.S.E. CENTRO DE SALUD SANTA LUCIA,820003388,15224
E.S.E. HOSPITAL DIVINO NIÑO,815001140,76111
E.S.E. HOSPITAL DEPARTAMENTAL SAN JOSÉ DE MARULANDA,890805260,17446
E.S.E. HOSPITAL SAN SEBASTIAN DE SURATA,804005751,68780
E.S.E. HOSPITAL RAFAEL URIBE URIBE,830077633,11001
EMPRESA SOCIAL DEL ESTADO CENTRO DE SALUD NUESTRA SEÑORA DE LA PAZ,820002854,15580
E.S.E. CENTRO DE SALUD MUNICIPIO DE PÁRAMO,804014835,68533
ESE HOSPITAL MUNICIPAL DE EL DORADO,900081643,50270
E.S.E. HOSPITAL SAN VICENTE DE PAUL,891480036,66682
E.S.E. HOSPITAL SAN CARLOS CAÑASGORDAS,ND45,5138
E.S.E. HOSPITAL SAN JUAN DE DIOS,890907279,5148
E.S.E. CENTRO DE SALUD NUESTRA SEÑORA DEL ROSARIO DE CHIVATA,820003558,15187
E.S.E. HOSPITAL ALEJANDRO MAESTRE SIERRA,819001107,47058
E.S.E. HOSPITAL SAN FRANCISCO DE ASÍS,890397282,5044
E.S.E. CENTRO DE SALUD EDGAR ALONSO PULIDO SOLANO,820002916,15531
E.S.E. CENTRO DE SALUD JAIME DÍAZ PÉREZ,820003906,15660
HOSPITAL SAN ROQUE,890001605,63212
HOSPITAL SAN ANTONIO E.S.E DE HERVEO,890700907,73347
E.S.E. HOSPITAL LOCAL SANTA BARBARA DE PINTO,819004347,47720
E.S.E CENTRO MATERNO INFANTIL DE SABANALARGA,802010241,8634
E.S.E. CENTRO DE SALUD HERMANA GERTRUDIS,804015154,68013
E.S.E. HOSPITAL DE USME I NIVEL,830010966-3,11001
E.S.E. HOSPITAL NUESTRA SEÑORA DE LOS SANTOS,891900481,76403
E.S.E. HOSPITAL LUIS CARLOS GALÁN SARMIENTO,900192428,68167
E.S.E. HOSPITAL LA DIVINA MISERICORDIA DE MAGANGUE,900196347,13430
E.S.E. LAGO SALUD,826002609,15226
E.S.E. HOSPITAL CAICEDO Y FLOREZ DE SUAITA,890203373,68770
CENTRO DE SALUD DE NORCASIA,ND46,17495
NA,820003550,15109
ESE HOSPITAL DE PUERTO COLOMBIA,890103406,8573
ESE CENTRO DE SALUD GIOVANNI CRISTINI EL CARMEN DE BOLIVAR,806007801,13244
E.S.E PRESBÍTERO LUÍS FELIPE ARBELÁEZ,800029509,5021
E.S.E. HOSPITAL CARLOS TORRENTE LLANO,890701543,73686
E.S.E. HOSPITAL LOCAL SAN SEBASTIÁN DE ZAMBRANO,806006914,13894
E.S.E. CENTRO DE SALUD COELLO,809002097,73200
E.S.E. CENTRO DE SALUD SAN RAFAEL,820003444,15621
E.S.E. CENTRO DE SALUD DE USIACURÍ JOSÉ MARÍA FERES FARAH,802009049,8849
ESE CENTRO DE SALUD PUERTO PARRA,829003945,68573
E.S.E. HOSPITAL JOSÉ MARÍA CÓRDOBA,890980512,5206
E.S.E. HOSPITAL LOCAL DE SUCRE,804008746,68773
CENTRO DE SALUD SANTA BARBARA ISCUANDE E.S.E.,900109862,52696
E.S.E. HOSPITAL NUESTRA SEÑORA DEL ROSARIO,890982065,5086
E.S.E. CENTRO DE SALUD SAN MIGUEL,820003401,15676
E.S.E. HOSPITAL EL SAGRADO CORAZON,800044320,5107
E.S.E. CENTRO DE SALUD SAN JOSÉ DE PARE,820003360,15664
E.S.E. HOSPITAL SAN JOSÉ DE TIERRALTA,812000317,23807
E.S.E HOSPITAL LOCAL MANUELA PABUENA LOBO,806007809,13042
E.S.E. CENTRO DE SALUD SAN ANTONIO,826002060,15755
HOSPITAL SAN ROQUE DE CHIMA,890204581,68176
E.S.E HOSPITAL SAN ROQUE,809003541,73030
HOSPITAL SAN ANTONIO ESE NATAGAIMA,800182136,73483
E.S.E. HOSPITAL FRANCISCO ELADIO BARRERA,890905097,5237
E.S.E. CENTRO DE SALUD RAFAEL SALGADO,820003291,15442
HOSPITAL MENTAL RUDESINDO SOTO CÚCUTA,ND47,54001
E.S.E. HOSPITAL PRESBITERO EMIGDIO PALACIO,890984779,5264
CHARTA,804009386,68169
E.S.E. HOSPITAL ANTONIO ROLDAN BETANCUR,811013792,5390
E.S.E. CENTRO DE SALUD BETEITIVA,826002862,15092
E.S.E. HOSPITAL INTEGRADO SAN ROQUE DE CURITI,890202066,68229
E.S.E. HOSPITAL LOCAL DE BOLÍVAR,804003072,68101
E.S.E. HOSPITAL SAN JUAN DE DIOS,890980643,5002
EMPRESA SOCIAL DEL ESTADO DIVINO NIÑO JESÚS,804016288,68179
E.S.E. HOSPITAL SAGRADO CORAZON DE JESUS,891201108,52250
E.S.E HOSPITAL PIO XII COLON,891201845,86219
E.S.E. HOSPITAL SAN JOSÉ DE BELÉN DE UMBRÍA,ND48,66088
E.S.E. CENTRO DE SALUD JORGE GONZÁLEZ OLMOS,820003915,15514
E.S.E. HOSPITAL LOCAL DE SANTA LUCIA,802006991,8675
HOSPITAL LOCAL  ISMAEL ROLDÁN VALENCIA  DE QUIBDÓ,818001019,27001
E.S.E. HOSPITAL LOCAL SAN JOSÉ DE ACHÍ,806007813,13006
E.S.E. HOSPITAL LOCAL,806008270,13683
ESE HOSPITAL MUNICIPAL DE ALGECIRAS,813001653,41020
E.S.E. HOSPITAL ATRATO MEDIO ANTIOQUEÑO,811020943,5873
E.S.E. CAMU,812003817,23464
E.S.E. HOSPITAL ANDRÉS GIRARDOT DE GÜICÁN,891855439,15332
HOSPITAL SAN ANTONIO DE ARBELAEZ,ND49,25053
CORPORACIÓN HOSPITAL SAN JUAN DE DIOS,901249947,5686
E.S.E. HOSPITAL DE NAZARETH,892115347,44847
E.S.E. JOAQUÍN EMIRO ESCOBAR HERRAR,900004916,54347
EMPRESA SOCIAL DEL ESTADO CENTRO DE SALUD DE CAMPOHERMOSO,820003910,15135
E.S.E. PUESTO DE SALUD SAN MIGUEL DE TUTA,820003641,15837
E.S.E. HOSPITAL DEPARTAMENTAL SAN FRANCÍSCO DE ASÍS DE QUIBDO,891680047,27001
E.S.E. HOSPITAL DE SAN ONOFRE,823000496,70713
E.S.E. HOSPITAL SAN JOSÉ DE CONDOTO,891600061,27205
E.S.E. HOSPITAL DEPARTAMENTAL TOMAS URIBE URIBE,891901158,76834
E.S.E. HOSPITAL LUIS ANTONIO MOJICA,813011465,41483
ESE HOSPITAL DE REPELON,802001292,8606
HOSPITAL JOSÉ DAVID PADILLA VILLAFAÑE,ND50,20001
EMPRESA SOCIAL DEL ESTADO HOSPITAL DE LA DIVINA MISERICORDIA  PALESTINA,901314566,17524
E.S.E. HOSPITAL DE MANATÍ,802010401,8436
HOSPITAL SAN JOSÉ DE SEVILLA,ND51,76736
E.S.E. CENTRO DE SALUD DE COVEÑAS,823004853,70221
E.S.E. HOSPITAL LA CANDELARIA DE RÍO VIEJO,806008153,13600
E.S.E. DEL MUNICIPIO DE SIBATE  EN LIQUIDACIÓN,900273368-4,25740
EMPRESA SOCIAL DEL ESTADO HOSPITAL LOCAL SAN PABLO,829000940,13670
E.S.E. HOSPITAL NUESTRA SEÑORA DE GUADALUPE,890981690,5315
E.S.E. HOSPITAL LOCAL DE SAN FERNANDO,806007689,13650
E.S.E. CENTRO DE SALUD SANTO ECCEHOMO,820003876,15776
